{"display":"MIRAI.785040.001","product":"mirai","device":"mirai","board":"mirai","model":"mirai","finger_print":"mamoe/mirai/mirai:10/MIRAI.200122.001/0586818:user/release-keys","boot_id":"9687227c-7710-0432-32ec-7ee5f146a3e6","proc_version":"Linux version 3.0.31-zznhHL6f (android-build@xxx.xxx.xxx.xxx.com)","protocol":3,"imei":"535730502362108","brand":"mamoe","bootloader":"unknown","base_band":"","version":{"incremental":"5891938","release":"10","codename":"REL","sdk":29},"sim_info":"T-Mobile","os_type":"android","mac_address":"00:50:56:C0:00:08","ip_address":[10,0,1,3],"wifi_bssid":"00:50:56:C0:00:08","wifi_ssid":"\u003cunknown ssid\u003e","imsi_md5":"09a4598c2002565972160b4f79d703c9","android_id":"74f8f83c37857b2b","apn":"wifi","vendor_name":"MIUI","vendor_os_name":"mirai"}